train_type,神戸発,元町発,三ノ宮発,灘発,摩耶発,六甲道発,住吉発,摂津本山発,甲南山手発,芦屋着,芦屋発,さくら夙川発,西宮発,甲子園口発,立花発,尼崎着,尼崎発,塚本発,大阪着,大阪発,新大阪着,新大阪発,東淀川発,吹田発,岸辺発,千里丘発,茨木発
新快速,15:03,,15:07,,,,,,,15:15,15:15,,,,,15:22,15:23,,15:28,15:30,15:34,15:35,,,,,
普通,14:44,14:47,14:49,14:51,14:53,14:55,14:58,15:00,15:02,15:04,15:08,15:10,15:12,15:15,15:18,15:21,15:24,,,,,,,,,,
普通,,,,,,,,,,,,,,,,15:22,15:22,15:26,15:29,15:32,15:35,15:36,15:37,15:41,15:43,15:46,15:49
快速,15:05,15:07,15:10,,,15:14,15:17,,,15:21,15:21,,15:25,,,15:30,15:31,,15:37,15:38,15:42,15:43,,,,,15:52
普通,14:53,14:56,14:58,15:01,15:02,15:04,15:07,15:09,15:11,15:13,15:14,15:16,15:18,15:21,15:24,15:26,15:28,15:32,15:35,15:40,15:44,15:45,15:46,15:50,15:52,15:55,15:57
新快速,15:18,,15:22,,,,,,,15:30,15:30,,,,,15:37,15:38,,15:43,15:45,15:49,15:50,,,,,
普通,14:59,15:02,15:04,15:06,15:08,15:10,15:13,15:15,15:17,15:19,15:23,15:25,15:27,15:30,15:33,15:36,15:39,,,,,,,,,,
普通,,,,,,,,,,,,,,,,15:36,15:37,15:41,15:44,15:47,15:50,15:51,15:52,15:56,15:58,16:01,16:04
快速,15:20,15:22,15:25,,,15:29,15:32,,,15:36,15:36,,15:40,,,15:45,15:46,,15:52,15:53,15:57,15:58,,,,,16:07
普通,15:08,15:11,15:13,15:16,15:17,15:19,15:22,15:24,15:26,15:28,15:29,15:31,15:33,15:36,15:39,15:41,15:43,15:47,15:50,15:55,15:59,16:00,16:01,16:05,16:07,16:10,16:12
新快速,15:33,,15:37,,,,,,,15:45,15:45,,,,,15:52,15:53,,15:58,16:00,16:04,16:05,,,,,
普通,15:14,15:17,15:19,15:21,15:23,15:25,15:28,15:30,15:32,15:34,15:38,15:40,15:42,15:45,15:48,15:51,15:54,,,,,,,,,,
普通,,,,,,,,,,,,,,,,15:51,15:52,15:56,15:59,16:02,16:05,16:06,16:08,16:11,16:14,16:16,16:19
快速,15:34,15:37,15:39,,,15:44,15:46,,,15:50,15:51,,15:55,,,16:00,16:01,,16:07,16:08,16:12,16:13,,,,,16:22
普通,15:23,15:26,15:28,15:31,15:32,15:34,15:37,15:39,15:41,15:43,15:44,15:46,15:48,15:51,15:54,15:56,15:58,16:01,16:05,16:10,16:14,16:15,16:17,16:20,16:23,16:25,16:28
新快速,15:47,,15:52,,,,,,,16:00,16:00,,,,,16:07,16:08,,16:13,16:15,16:19,16:20,,,,,
普通,15:28,15:31,15:33,15:35,15:37,15:39,15:42,15:44,15:46,15:48,15:53,15:56,15:58,16:00,16:03,16:06,16:09,,,,,,,,,,
普通,,,,,,,,,,,,,,,,16:06,16:07,16:11,16:14,16:17,16:20,16:21,16:23,16:26,16:29,16:31,16:34
快速,15:49,15:52,15:54,,,15:59,16:01,,,16:05,16:06,,16:10,,,16:15,16:16,,16:22,16:23,16:27,16:28,,,,,16:37
普通,15:38,15:40,15:43,15:45,15:47,15:49,15:52,15:54,15:56,15:58,15:59,16:01,16:03,16:06,16:09,16:11,16:13,16:16,16:20,16:25,16:29,16:30,16:32,16:35,16:38,16:40,16:43
新快速,16:02,,16:07,,,,,,,16:15,16:15,,,,,16:22,16:23,,16:28,16:30,16:34,16:35,,,,,
普通,15:43,15:46,15:48,15:50,15:52,15:54,15:57,15:59,16:01,16:03,16:08,16:11,16:13,16:15,16:18,16:21,16:24,,,,,,,,,,
普通,,,,,,,,,,,,,,,,16:22,16:22,16:26,16:29,16:32,16:35,16:36,16:38,16:41,16:44,16:46,16:49
快速,16:04,16:06,16:09,,,16:13,16:16,,,16:20,16:21,,16:25,,,16:30,16:31,,16:37,16:38,16:42,16:43,,,,,16:52
普通,15:53,15:55,15:58,16:00,16:02,16:04,16:07,16:09,16:11,16:13,16:14,16:16,16:18,16:21,16:24,16:26,16:28,16:31,16:35,16:40,16:44,16:45,16:47,16:50,16:53,16:55,16:58
新快速,16:17,,16:22,,,,,,,16:30,16:30,,,,,16:37,16:38,,16:43,16:45,16:49,16:50,,,,,
普通,15:58,16:01,16:03,16:05,16:07,16:09,16:12,16:14,16:16,16:18,16:23,16:26,16:28,16:30,16:33,16:36,16:39,,,,,,,,,,
普通,,,,,,,,,,,,,,,,16:36,16:37,16:41,16:44,16:47,16:50,16:51,16:53,16:56,16:59,17:01,17:04
快速,16:19,16:21,16:24,,,16:28,16:31,,,16:35,16:36,,16:40,,,16:45,16:46,,16:52,16:53,16:57,16:58,,,,,17:07
普通,16:08,16:10,16:13,16:15,16:17,16:19,16:22,16:24,16:26,16:28,16:29,16:31,16:33,16:36,16:39,16:41,16:43,16:46,16:50,16:55,16:59,17:00,17:02,17:05,17:08,17:10,17:13
新快速,16:32,,16:37,,,,,,,16:45,16:45,,,,,16:52,16:53,,16:58,17:00,17:04,17:05,,,,,
普通,16:13,16:16,16:18,16:20,16:22,16:24,16:27,16:29,16:31,16:33,16:38,16:41,16:43,16:45,16:48,16:51,16:54,,,,,,,,,,
普通,,,,,,,,,,,,,,,,16:51,16:52,16:56,16:59,17:02,17:05,17:06,17:08,17:11,17:14,17:16,17:19
快速,16:34,16:36,16:39,,,16:43,16:46,,,16:50,16:51,,16:55,,,17:00,17:01,,17:07,17:08,17:12,17:13,,,,,17:22
普通,16:23,16:25,16:28,16:30,16:32,16:34,16:37,16:39,16:41,16:43,16:44,16:46,16:48,16:51,16:54,16:56,16:58,17:01,17:05,17:10,17:14,17:15,17:17,17:20,17:23,17:25,17:28
新快速,16:47,,16:52,,,,,,,17:00,17:00,,,,,17:07,17:08,,17:13,17:15,17:19,17:20,,,,,
普通,16:28,16:31,16:33,16:36,16:37,16:40,16:42,16:45,16:47,16:49,16:53,16:56,16:58,17:00,17:03,17:06,17:09,,,,,,,,,,
普通,,,,,,,,,,,,,,,,17:06,17:07,17:11,17:14,17:17,17:20,17:21,17:23,17:26,17:29,17:31,17:34
快速,16:49,16:51,16:54,,,16:58,17:01,,,17:05,17:06,,17:10,,,17:15,17:16,,17:22,17:23,17:27,17:28,,,,,17:37
普通,16:38,16:40,16:43,16:45,16:47,16:49,16:52,16:54,16:56,16:58,16:59,17:01,17:03,17:06,17:09,17:11,17:13,17:16,17:20,17:25,17:29,17:30,17:32,17:35,17:38,17:40,17:43
新快速,17:03,,17:07,,,,,,,17:15,17:15,,,,,17:22,17:23,,17:28,17:30,17:34,17:35,,,,,
普通,16:43,16:45,16:48,16:50,16:52,16:54,16:57,16:59,17:01,17:03,17:08,17:11,17:13,17:15,17:18,17:21,17:24,,,,,,,,,,
普通,,,,,,,,,,,,,,,,17:21,17:22,17:26,17:29,17:32,17:35,17:36,17:38,17:41,17:44,17:46,17:49
快速,17:04,17:07,17:09,,,17:13,17:16,,,17:20,17:21,,17:25,,,17:30,17:31,,17:37,17:38,17:42,17:43,,,,,17:52
普通,16:53,16:55,16:58,17:00,17:02,17:04,17:07,17:09,17:11,17:13,17:14,17:16,17:18,17:21,17:24,17:26,17:28,17:31,17:35,17:40,17:44,17:45,17:47,17:50,17:53,17:55,17:58
新快速,17:18,,17:22,,,,,,,17:30,17:30,,,,,17:37,17:38,,17:43,17:45,17:49,17:50,,,,,
普通,16:58,17:01,17:03,17:06,17:07,17:10,17:12,17:15,17:17,17:19,17:23,17:26,17:28,17:30,17:33,17:36,17:39,,,,,,,,,,
普通,,,,,,,,,,,,,,,,17:36,17:37,17:41,17:44,17:47,17:50,17:51,17:53,17:56,17:59,18:01,18:04
快速,17:19,17:22,17:24,,,17:28,17:31,,,17:35,17:36,,17:40,,,17:45,17:46,,17:52,17:53,17:57,17:58,,,,,18:07
普通,17:08,17:10,17:13,17:15,17:17,17:19,17:22,17:24,17:26,17:28,17:29,17:31,17:33,17:36,17:39,17:41,17:43,17:46,17:50,17:55,17:59,18:00,18:02,18:05,18:08,18:10,18:13
新快速,17:32,,17:37,,,,,,,17:45,17:45,,,,,17:52,17:53,,17:58,18:00,18:04,18:05,,,,,
普通,17:13,17:16,17:18,17:21,17:22,17:25,17:27,17:30,17:32,17:34,17:38,17:41,17:43,17:45,17:48,17:51,17:54,,,,,,,,,,
普通,,,,,,,,,,,,,,,,17:51,17:52,17:56,17:59,18:02,18:05,18:06,18:08,18:11,18:14,18:16,18:19
快速,17:34,17:37,17:39,,,17:43,17:46,,,17:50,17:51,,17:55,,,18:00,18:01,,18:07,18:08,18:12,18:13,,,,,18:22
普通,17:23,17:26,17:28,17:31,17:33,17:35,17:38,17:40,17:42,17:44,17:44,17:47,17:49,17:52,17:54,17:57,17:58,18:01,18:05,18:10,18:14,18:15,18:17,18:20,18:23,18:25,18:28
新快速,17:47,,17:52,,,,,,,18:00,18:00,,,,,18:07,18:08,,18:13,18:15,18:19,18:20,,,,,
普通,17:28,17:31,17:33,17:36,17:37,17:40,17:42,17:45,17:47,17:49,17:53,17:56,17:58,18:00,18:03,18:06,18:09,,,,,,,,,,
普通,,,,,,,,,,,,,,,,18:06,18:07,18:11,18:14,18:17,18:20,18:21,18:23,18:26,18:29,18:31,18:34
新快速,,,,,,,,,,,,,,,,,,,,18:22,18:25,18:26,,,,,
快速,17:49,17:51,17:54,,,17:58,18:01,,,18:05,18:06,,18:10,,,18:15,18:16,,18:22,18:23,18:28,18:29,,,,,18:38
普通,17:38,17:41,17:43,17:46,17:48,17:50,17:53,17:55,17:57,17:59,17:59,18:02,18:04,18:07,18:09,18:12,18:13,18:16,18:20,18:25,18:30,18:31,18:33,18:36,18:39,18:41,18:44
新快速,18:02,,18:07,,,,,,,18:15,18:15,,,,,18:22,18:23,,18:28,18:30,18:34,18:35,,,,,
普通,17:43,17:46,17:48,17:51,17:52,17:55,17:57,18:00,18:02,18:04,18:08,18:11,18:13,18:15,18:18,18:21,18:24,,,,,,,,,,
普通,,,,,,,,,,,,,,,,18:21,18:22,18:26,18:29,18:32,18:35,18:36,18:38,18:41,18:44,18:46,18:49
新快速,,,,,,,,,,,,,,,,,,,,18:37,18:40,18:41,,,,,
快速,18:04,18:06,18:09,,,18:13,18:16,,,18:20,18:21,,18:25,,,18:30,18:31,,18:37,18:38,18:43,18:44,,,,,18:53
普通,17:53,17:55,17:58,18:00,18:02,18:04,18:07,18:09,18:11,18:13,18:14,18:16,18:18,18:21,18:24,18:26,18:28,18:31,18:35,18:40,18:45,18:46,18:48,18:51,18:54,18:56,18:59
新快速,18:17,,18:22,,,,,,,18:30,18:30,,,,,18:37,18:38,,18:43,18:45,18:49,18:50,,,,,
普通,17:58,18:01,18:03,18:06,18:07,18:10,18:12,18:15,18:17,18:19,18:23,18:26,18:28,18:30,18:33,18:36,18:39,,,,,,,,,,
普通,,,,,,,,,,,,,,,,18:36,18:37,18:41,18:44,18:47,18:50,18:51,18:53,18:56,18:59,19:01,19:04
快速,18:19,18:21,18:24,,,18:28,18:31,,,18:35,18:36,,18:40,,,18:45,18:46,,18:52,18:53,18:57,18:58,,,,,19:07
普通,18:08,18:10,18:13,18:15,18:17,18:19,18:22,18:24,18:26,18:28,18:29,18:31,18:33,18:36,18:39,18:41,18:43,18:46,18:50,18:55,18:59,19:00,19:02,19:05,19:08,19:10,19:13
新快速,18:32,,18:37,,,,,,,18:45,18:45,,,,,18:52,18:53,,18:58,19:00,19:04,19:05,,,,,
普通,18:13,18:16,18:18,18:21,18:22,18:25,18:27,18:30,18:32,18:34,18:38,18:41,18:43,18:45,18:48,18:51,18:54,,,,,,,,,,
普通,,,,,,,,,,,,,,,,18:51,18:52,18:56,18:59,19:02,19:05,19:06,19:08,19:11,19:14,19:16,19:19
快速,18:34,18:36,18:39,,,18:43,18:46,,,18:50,18:51,,18:55,,,19:00,19:01,,19:07,19:08,19:12,19:13,,,,,19:22
普通,18:23,18:25,18:28,18:30,18:32,18:34,18:37,18:39,18:41,18:43,18:44,18:46,18:48,18:51,18:54,18:56,18:58,19:01,19:05,19:10,19:14,19:15,19:17,19:20,19:23,19:25,19:28
新快速,18:47,,18:52,,,,,,,19:00,19:00,,,,,19:07,19:08,,19:13,19:15,19:19,19:20,,,,,
普通,18:28,18:31,18:33,18:36,18:37,18:40,18:42,18:45,18:47,18:49,18:53,18:56,18:58,19:00,19:03,19:06,19:09,,,,,,,,,,
普通,,,,,,,,,,,,,,,,19:06,19:07,19:11,19:14,19:17,19:20,19:21,19:23,19:26,19:29,19:31,19:34
快速,18:49,18:51,18:54,,,18:58,19:01,,,19:05,19:06,,19:10,,,19:15,19:16,,19:22,19:23,19:27,19:28,,,,,19:37
普通,18:38,18:40,18:43,18:45,18:47,18:49,18:52,18:54,18:56,18:58,18:59,19:01,19:03,19:06,19:09,19:11,19:13,19:16,19:20,19:25,19:29,19:30,19:32,19:35,19:38,19:40,19:43
新快速,19:02,,19:07,,,,,,,19:15,19:15,,,,,19:22,19:23,,19:28,19:30,19:34,19:35,,,,,
普通,18:43,18:46,18:48,18:51,18:52,18:55,18:57,19:00,19:02,19:04,19:08,19:11,19:13,19:15,19:18,19:21,19:24,,,,,,,,,,
普通,,,,,,,,,,,,,,,,19:21,19:22,19:26,19:29,19:32,19:35,19:36,19:38,19:41,19:44,19:46,19:49
快速,19:04,19:06,19:09,,,19:13,19:16,,,19:20,19:21,,19:25,,,19:30,19:31,,19:37,19:38,19:42,19:43,,,,,19:52
普通,18:53,18:55,18:58,19:00,19:02,19:04,19:07,19:09,19:11,19:13,19:14,19:16,19:18,19:21,19:24,19:26,19:28,19:31,19:35,19:40,19:44,19:45,19:47,19:50,19:53,19:55,19:58
新快速,19:17,,19:22,,,,,,,19:30,19:30,,,,,19:37,19:38,,19:43,19:45,19:49,19:50,,,,,
普通,18:58,19:01,19:03,19:06,19:07,19:10,19:12,19:15,19:17,19:19,19:23,19:26,19:28,19:30,19:33,19:36,19:39,,,,,,,,,,
普通,,,,,,,,,,,,,,,,19:36,19:37,19:41,19:44,19:47,19:50,19:51,19:53,19:56,19:59,20:01,20:04
快速,19:19,19:21,19:24,,,19:28,19:31,,,19:35,19:36,,19:40,,,19:45,19:46,,19:52,19:53,19:57,19:58,,,,,20:07
普通,19:08,19:10,19:13,19:15,19:17,19:19,19:22,19:24,19:26,19:28,19:29,19:31,19:33,19:36,19:39,19:41,19:43,19:46,19:50,19:55,19:59,20:00,20:02,20:05,20:08,20:10,20:13
新快速,19:32,,19:37,,,,,,,19:45,19:45,,,,,19:52,19:53,,19:58,20:00,20:04,20:05,,,,,
普通,19:13,19:16,19:18,19:21,19:22,19:25,19:27,19:30,19:32,19:34,19:38,19:41,19:43,19:45,19:48,19:51,19:54,,,,,,,,,,
普通,,,,,,,,,,,,,,,,19:51,19:52,19:56,19:59,20:02,20:05,20:06,20:08,20:11,20:14,20:16,20:19
快速,19:34,19:36,19:39,,,19:43,19:46,,,19:50,19:51,,19:55,,,20:00,20:01,,20:07,20:08,20:12,20:13,,,,,20:22
普通,19:23,19:25,19:28,19:30,19:32,19:34,19:37,19:39,19:41,19:43,19:44,19:46,19:48,19:51,19:54,19:56,19:58,20:01,20:05,20:10,20:14,20:15,20:17,20:20,20:23,20:25,20:28
新快速,19:47,,19:52,,,,,,,20:00,20:00,,,,,20:07,20:08,,20:13,20:15,20:19,20:20,,,,,
普通,19:28,19:31,19:33,19:36,19:37,19:40,19:42,19:45,19:47,19:49,19:53,19:56,19:58,20:00,20:03,20:06,20:09,,,,,,,,,,
普通,,,,,,,,,,,,,,,,20:06,20:07,20:11,20:14,20:17,20:20,20:21,20:23,20:26,20:29,20:31,20:34
快速,19:49,19:51,19:54,,,19:58,20:01,,,20:05,20:06,,20:10,,,20:15,20:16,,20:22,20:23,20:27,20:28,,,,,20:37
普通,19:38,19:40,19:43,19:45,19:47,19:49,19:52,19:54,19:56,19:58,19:59,20:01,20:03,20:06,20:09,20:11,20:13,20:16,20:20,20:25,20:29,20:30,20:32,20:35,20:38,20:40,20:43
新快速,20:03,,20:07,,,,,,,20:15,20:15,,,,,20:22,20:23,,20:28,20:30,20:34,20:35,,,,,
普通,19:43,19:46,19:48,19:51,19:52,19:55,19:57,20:00,20:02,20:04,20:08,20:11,20:13,20:15,20:18,20:21,20:24,,,,,,,,,,
普通,,,,,,,,,,,,,,,,20:21,20:22,20:26,20:29,20:32,20:35,20:36,20:38,20:41,20:44,20:46,20:49
快速,20:04,20:07,20:09,,,20:14,20:16,,,20:20,20:21,,20:25,,,20:30,20:31,,20:37,20:38,20:42,20:43,,,,,20:52
普通,19:53,19:55,19:58,20:00,20:02,20:04,20:07,20:09,20:11,20:13,20:14,20:16,20:18,20:21,20:24,20:26,20:28,20:31,20:35,20:40,20:44,20:45,20:47,20:50,20:53,20:55,20:58
新快速,20:18,,20:22,,,,,,,20:30,20:30,,,,,20:37,20:38,,20:43,20:45,20:49,20:50,,,,,
普通,19:58,20:01,20:03,20:06,20:07,20:10,20:12,20:15,20:17,20:19,20:23,20:26,20:28,20:30,20:33,20:36,20:39,,,,,,,,,,
普通,,,,,,,,,,,,,,,,20:36,20:37,20:41,20:44,20:47,20:50,20:51,20:53,20:56,20:59,21:01,21:04
快速,20:19,20:22,20:24,,,20:29,20:31,,,20:35,20:36,,20:40,,,20:45,20:46,,20:52,20:53,20:57,20:58,,,,,21:07
普通,20:08,20:10,20:13,20:15,20:17,20:19,20:22,20:24,20:26,20:28,20:29,20:31,20:34,20:36,20:39,20:41,20:43,20:46,20:50,20:55,20:59,21:00,21:02,21:05,21:08,21:10,21:13
新快速,20:33,,20:37,,,,,,,20:45,20:45,,,,,20:52,20:53,,20:58,21:00,21:04,21:05,,,,,
普通,20:13,20:16,20:18,20:21,20:22,20:25,20:27,20:30,20:32,20:34,20:38,20:41,20:43,20:45,20:48,20:51,20:54,,,,,,,,,,
普通,,,,,,,,,,,,,,,,20:51,20:52,20:56,20:59,21:02,21:05,21:06,21:08,21:11,21:14,21:16,21:19
快速,20:34,20:37,20:39,,,20:44,20:46,,,20:50,20:51,,20:55,,,21:00,21:01,,21:07,21:08,21:12,21:13,,,,,21:22
普通,20:23,20:25,20:28,20:30,20:32,20:34,20:37,20:39,20:41,20:43,20:44,20:46,20:49,20:51,20:54,20:56,20:58,21:01,21:05,21:10,21:14,21:15,21:17,21:20,21:23,21:25,21:28
新快速,20:48,,20:52,,,,,,,21:00,21:00,,,,,21:07,21:08,,21:13,21:15,21:19,21:20,,,,,
普通,20:28,20:31,20:33,20:36,20:37,20:40,20:42,20:45,20:47,20:49,20:53,20:56,20:58,21:00,21:03,21:06,21:09,,,,,,,,,,
普通,,,,,,,,,,,,,,,,21:06,21:07,21:11,21:14,21:17,21:20,21:21,21:23,21:26,21:29,21:31,21:34
快速,20:49,20:52,20:54,,,20:59,21:01,,,21:05,21:06,,21:10,,,21:15,21:16,,21:22,21:23,21:27,21:28,,,,,21:37
普通,20:38,20:40,20:43,20:45,20:47,20:49,20:52,20:54,20:56,20:58,20:59,21:01,21:04,21:06,21:09,21:11,21:13,21:16,21:20,21:25,21:29,21:30,21:32,21:35,21:38,21:40,21:43
新快速,21:03,,21:07,,,,,,,21:15,21:15,,,,,21:22,21:23,,21:28,21:30,21:34,21:35,,,,,
普通,20:43,20:46,20:48,20:51,20:52,20:55,20:57,21:00,21:02,21:04,21:08,21:11,21:13,21:15,21:18,21:21,21:24,,,,,,,,,,
普通,,,,,,,,,,,,,,,,21:21,21:22,21:26,21:29,21:32,21:35,21:36,21:38,21:41,21:44,21:46,21:49
快速,21:04,21:07,21:09,,,21:14,21:16,,,21:20,21:21,,21:25,,,21:30,21:31,,21:37,21:38,21:42,21:43,,,,,21:52
普通,20:53,20:55,20:58,21:00,21:02,21:04,21:07,21:09,21:11,21:13,21:14,21:16,21:19,21:21,21:24,21:26,21:28,21:31,21:35,21:40,21:44,21:45,21:47,21:50,21:53,21:55,21:58
新快速,21:18,,21:22,,,,,,,21:30,21:30,,,,,21:37,21:38,,21:43,21:45,21:49,21:50,,,,,
普通,20:58,21:01,21:03,21:06,21:07,21:10,21:12,21:15,21:17,21:19,21:23,21:26,21:28,21:30,21:33,21:36,21:39,,,,,,,,,,
普通,,,,,,,,,,,,,,,,21:36,21:37,21:41,21:44,21:47,21:50,21:51,21:53,21:56,21:59,22:01,22:04
快速,21:19,21:22,21:24,,,21:29,21:31,,,21:35,21:36,,21:40,,,21:45,21:46,,21:52,21:53,21:57,21:58,,,,,22:07
普通,21:08,21:10,21:13,21:15,21:17,21:19,21:22,21:24,21:26,21:28,21:29,21:31,21:34,21:36,21:39,21:41,21:43,21:46,21:50,21:55,21:59,22:00,22:02,22:05,22:08,22:10,22:13
新快速,21:33,,21:37,,,,,,,21:45,21:45,,,,,21:52,21:53,,21:58,22:00,22:04,22:05,,,,,
普通,21:13,21:16,21:18,21:21,21:22,21:25,21:27,21:30,21:32,21:34,21:38,21:41,21:43,21:45,21:48,21:51,21:54,,,,,,,,,,
普通,,,,,,,,,,,,,,,,21:51,21:52,21:56,21:59,22:02,22:06,22:07,22:09,22:12,22:15,22:17,22:20
快速,21:37,21:39,21:41,,,21:46,21:49,,,21:52,21:53,,21:57,,,22:02,22:03,,22:09,22:10,22:14,22:15,,,,,22:24
普通,21:23,21:25,21:28,21:30,21:32,21:34,21:37,21:39,21:41,21:43,21:44,21:46,21:49,21:51,21:54,21:56,21:58,22:01,22:05,22:12,22:16,22:17,22:19,22:22,22:25,22:27,22:30
新快速,21:53,,21:57,,,,,,,22:05,22:05,,,,,22:12,22:13,,22:18,22:20,22:24,22:25,,,,,
普通,21:29,21:32,21:34,21:37,21:38,21:41,21:43,21:46,21:48,21:50,21:55,21:58,22:00,22:02,22:05,22:08,22:14,,,,,,,,,,
普通,,,,,,,,,,,,,,,,22:07,22:11,22:15,22:18,22:22,22:26,22:27,22:29,22:32,22:35,22:37,22:40
快速,21:56,21:59,22:01,,,22:06,22:09,,,22:12,22:13,,22:17,,,22:22,22:23,,22:29,22:30,22:34,22:35,,,,,22:44
普通,21:40,21:43,21:45,21:48,21:50,21:52,21:55,21:57,21:59,22:01,22:06,22:09,22:11,22:13,22:16,22:19,22:20,22:24,22:27,22:32,22:36,22:37,22:39,22:42,22:45,22:47,22:50
新快速,22:13,,22:17,,,,,,,22:25,22:25,,,,,22:32,22:33,,22:38,22:40,22:44,22:45,,,,,
普通,21:49,21:52,21:54,21:57,21:58,22:01,22:03,22:06,22:08,22:10,22:15,22:18,22:20,22:22,22:25,22:28,22:34,,,,,,,,,,
普通,,,,,,,,,,,,,,,,22:30,22:31,22:35,22:38,22:42,22:46,22:47,22:49,22:52,22:55,22:57,23:00
快速,22:17,22:19,22:21,,,22:26,22:29,,,22:32,22:33,,22:37,,,22:42,22:43,,22:49,22:50,22:54,22:55,,,,,23:04
普通,22:00,22:03,22:05,22:08,22:10,22:12,22:15,22:17,22:19,22:21,22:26,22:29,22:31,22:33,22:36,22:39,22:40,22:44,22:47,22:52,22:56,22:57,22:59,23:02,23:05,23:07,23:10
新快速,22:33,,22:37,,,,,,,22:45,22:45,,,,,22:52,22:53,,22:58,23:00,23:04,23:05,,,,,
普通,22:09,22:12,22:14,22:17,22:18,22:21,22:23,22:26,22:28,22:30,22:35,22:38,22:40,22:42,22:45,22:48,22:54,,,,,,,,,,
普通,,,,,,,,,,,,,,,,22:51,22:51,22:55,22:58,23:02,23:06,23:07,23:09,23:12,23:15,23:17,23:20
快速,22:37,22:39,22:42,,,22:46,22:49,,,22:53,22:53,,22:57,,,23:02,23:03,,23:09,23:10,23:14,23:15,,,,,23:24
普通,22:20,22:23,22:25,22:28,22:30,22:32,22:35,22:37,22:39,22:41,22:46,22:49,22:51,22:53,22:56,22:59,23:00,23:04,23:07,23:13,23:17,23:18,23:20,23:23,23:26,23:28,23:31
新快速,22:53,,22:57,,,,,,,23:05,23:05,,,,,23:12,23:13,,23:18,23:20,23:24,23:25,,,,,
普通,22:29,22:32,22:34,22:37,22:38,22:41,22:43,22:46,22:48,22:50,22:55,22:58,23:00,23:02,23:05,23:08,23:11,23:14,23:18,23:24,23:27,23:28,23:30,23:33,23:36,23:38,23:41
快速,23:00,23:02,23:04,,,23:09,23:11,,,23:15,23:16,,23:20,,,23:25,23:26,,23:32,23:33,23:37,23:38,,,,,23:47
普通,22:41,22:43,22:45,22:48,22:50,22:52,22:55,22:57,22:59,23:01,23:06,23:09,23:11,23:14,23:16,23:19,23:21,23:24,23:28,23:35,23:39,23:40,23:41,23:45,23:48,23:50,23:53
新快速,23:12,,23:16,,,,,,,23:24,23:24,,,,,23:31,23:32,,23:38,23:40,23:44,23:45,,,,,
普通,22:50,22:52,22:55,22:57,22:59,23:01,23:04,23:06,23:08,23:10,23:18,23:20,23:22,23:25,23:28,23:30,23:31,23:35,23:38,23:45,23:48,23:49,23:51,23:54,23:57,23:59,0:02
普通,,,,,,,,,,,,,,,,,23:41,23:44,23:48,23:55,23:59,23:59,0:01,0:04,0:07,0:10,0:13
新快速,23:32,,23:36,,,,,,,23:44,23:44,,,,,23:51,23:52,,23:57,0:00,0:04,0:05,,,,,
普通,23:11,23:13,23:17,23:20,23:21,23:23,23:26,23:29,23:31,23:32,23:33,23:36,23:38,23:41,23:43,23:46,23:50,23:54,23:57,0:10,0:14,0:14,0:16,0:20,0:22,0:25,0:28
普通,23:31,23:33,23:37,23:40,23:41,23:43,23:46,23:49,23:51,23:52,23:53,23:55,23:58,0:00,0:03,0:06,0:09,,,,,,,,,,
普通,,,,,,,,,,,,,,,,0:02,0:07,0:11,0:14,,,,,,,,
普通,23:47,23:49,23:52,23:55,23:56,23:58,0:01,0:04,0:06,0:07,0:08,0:10,0:13,0:15,0:18,0:21,0:21,0:25,0:28,,,,,,,,
